{
  "hs": {
    "bm25@10": 0.39907291118574134,
    "bm25@20": 0.442662753901495
  },
  "ufd": {
    "bm25@10": 0.4607529561667711,
    "bm25@20": 0.5010677072667635
  },
  "sfd": {
    "bm25@10": 0.5537461624622001,
    "bm25@20": 0.5927548751156616
  },
  "ufd_nyc": {
    "bm25@10": 0.4607529561667711,
    "bm25@20": 0.5010677072667635
  },
  "sfd_nyc": {
    "bm25@10": 0.5537461624622001,
    "bm25@20": 0.5927548751156616
  },
  "original": {
    "bm25@10": 0.4025647166322314,
    "bm25@20": 0.42905302903020565
  }
}