{
  "original": [
    0.39714191332365595,
    0.0,
    0.0,
    0.0,
    0.0,
    0.39714191332365595
  ],
  "hs": [
    0.3918703846610351,
    0.0,
    0.0,
    0.0,
    0.0,
    0.3918703846610351
  ],
  "ufd": [
    0.5096064292550871,
    0.9400000000000001,
    0.8300000000000001,
    0.5700000000000001,
    0.8699999999999999,
    0.5096064292550871
  ],
  "ufd_nyc": [
    0.5598966388540244,
    0.99,
    0.93,
    0.58,
    0.8099999999999999,
    0.5598966388540244
  ],
  "sfd": [
    0.6073212155885835,
    0.0,
    0.0,
    0.0,
    0.0,
    0.6073212155885835
  ],
  "sfd_nyc": [
    0.5252418338043161,
    0.0,
    0.0,
    0.0,
    0.0,
    0.5252418338043161
  ]
}