{
  "original": [
    0.39714191332365595,
    0.8800000000000001,
    0.9400000000000001,
    0.5900000000000001,
    0.89,
    0.39714191332365595
  ],
  "hs": [
    0.3918703846610351,
    0.77,
    0.8800000000000001,
    0.53,
    0.93,
    0.3918703846610351
  ],
  "ufd": [
    0.5096064292550871,
    0.9400000000000001,
    0.8300000000000001,
    0.5700000000000001,
    0.8800000000000001,
    0.5096064292550871
  ],
  "ufd_nyc": [
    0.5598966388540244,
    0.96,
    0.9199999999999999,
    0.5900000000000001,
    0.8,
    0.5598966388540244
  ]
}