{
  "original": [
    0.39714191332365595,
    0.89,
    0.97,
    0.55,
    0.8400000000000001,
    0.39714191332365595
  ],
  "ufd": [
    0.5096064292550871,
    0.93,
    0.96,
    0.5900000000000001,
    0.89,
    0.5096064292550871
  ],
  "sfd": [
    0.6073212155885835,
    1.0,
    0.96,
    0.5900000000000001,
    0.99,
    0.6073212155885835
  ],
  "ufd_nyc": [
    0.5598966388540244,
    1.0,
    0.95,
    0.5900000000000001,
    0.8099999999999999,
    0.5598966388540244
  ],
  "sfd_nyc": [
    0.5252418338043161,
    0.96,
    0.96,
    0.61,
    0.9,
    0.5252418338043161
  ]
}