{
  "hs": {
    "bm25@10": 0.3918703846610351,
    "bm25@20": 0.4426787557234822
  },
  "ufd": {
    "bm25@10": 0.5096064292550871,
    "bm25@20": 0.5330106469031302
  },
  "sfd": {
    "bm25@10": 0.6073212155885835,
    "bm25@20": 0.6354114926014522
  },
  "ufd_nyc": {
    "bm25@10": 0.5598966388540244,
    "bm25@20": 0.5921093842618015
  },
  "sfd_nyc": {
    "bm25@10": 0.5252418338043161,
    "bm25@20": 0.5668019331054384
  },
  "original": {
    "bm25@10": 0.39714191332365595,
    "bm25@20": 0.4260120052628146
  }
}